<?xml version="1.0" encoding="utf-8"?>
<extension
	type="module"
	version="3.0"
	client="site"
	method="upgrade">
	<name>Simple Responsive Slideshow</name>
	<author>FavThemes</author>
	<version>2.5</version>
	<creationDate>2013</creationDate>
	<authorUrl>http://www.favthemes.com</authorUrl>
	<authoremail>hello@favthemes.com</authoremail>
	<copyright>Copyright (C) FavThemes. All rights reserved.</copyright>
	<license>http://www.gnu.org/licenses/gpl-3.0.html GNU/GPL</license>
	<description>
	<![CDATA[

		<a href="http://extensions.favthemes.com/simple-responsive-slideshow" target="_blank"><strong>Simple Responsive Slideshow</strong></a> is a free responsive Joomla! module that let's you upload up to 10 images to create a slideshow and customize each slide.
		<br/>
		For more info, please see the <a href="http://extensions.favthemes.com/simple-responsive-slideshow" target="_blank" style="font-weight: bold;">demo and documentation</a> for the Simple Responsive Slideshow module.
		<br/><br/>

		<a href="http://extensions.favthemes.com/simple-responsive-slideshow" target="_blank">
			<img src="../modules/mod_simple_responsive_slideshow/theme/img/simple-responsive-slideshow.jpg" alt="Simple Reponsive Slideshow">
		</a>

		<br/><br/>
		Copyright &#169; 2012-2016 <a href="http://www.favthemes.com" target="_blank" style="font-weight: bold;">FavThemes</a>.
		<br/><br/>

		<link rel="stylesheet" href="../modules/mod_simple_responsive_slideshow/theme/css/admin.css" type="text/css" />
		<link rel="stylesheet" href="//maxcdn.bootstrapcdn.com/font-awesome/4.7.0/css/font-awesome.min.css" type="text/css" />
		<link rel="stylesheet" href="//fonts.googleapis.com/css?family=Open+Sans:400" type="text/css" />
		<script src="../modules/mod_simple_responsive_slideshow/theme/js/jscolor/jscolor.js" type="text/javascript"></script>
		<script src="../modules/mod_simple_responsive_slideshow/theme/js/admin/admin.js" type="text/javascript"></script>

	]]>
	</description>

	<files>
		<filename module="mod_simple_responsive_slideshow">mod_simple_responsive_slideshow.php</filename>
		<filename>mod_simple_responsive_slideshow.xml</filename>
		<filename>index.html</filename>
		<filename>License.txt</filename>
		<folder>demo</folder>
		<folder>theme/js</folder>
		<folder>theme/css</folder>
		<folder>theme/img</folder>
	</files>

	<media destination="simple-responsive-slideshow">
    <filename>demo/slide1.jpg</filename>
    <filename>demo/slide2.jpg</filename>
    <filename>demo/slide3.jpg</filename>
    <filename>demo/slide4.jpg</filename>
    <filename>demo/slide5.jpg</filename>
  </media>

	<help key="Simple Responsive Slideshow" />

	<config>

		<fields name="params">

			<fieldset name="settings" label="Module Settings">

				<field type="note" label="Slider Options" class="favtitle first" />

					<field
						name="jqueryLoad"
						type="radio"
						default="1"
						class="btn-group"
						label="Load Joomla! jQuery"
						description="This setting loads Joomla!'s jQuery library. Choose NO if your website loads jQuery from an external source.">
							<option	value="1">Yes</option>
							<option	value="0">No</option>
					</field>

					<field
						name="animation"
						type="radio"
						default="fade"
						class="btn-group"
						label="Transition Effect"
						description="Choose between FADE or SLIDE animation types for the slides.">
							<option	value="fade">Fade</option>
							<option	value="slide">Slide</option>
					</field>

					<field
						name="slideDirection"
						type="list"
						default="horizontal"
						label="Slide Direction"
						description="Choose the sliding direction, either horizontal or vertical.">
							<option	value="horizontal">Horizontal</option>
							<option	value="vertical">Vertical</option>
					</field>

					<field
						name="slideshowSpeed"
						type="text"
						default="7000"
						label="Cycling Speed"
						description="Insert the speed of the slideshow, in milliseconds. Insert only the value, for example: 5000, not 5000ms. A blank field reverts the setting to the default value." />

					<field
						name="animationDuration"
						type="text"
						default="600"
						label="Animation Duration"
						description="Choose the speed of the animations, in milliseconds. Insert only the value, for example: 5000, not 5000ms. A blank field reverts the setting to the default value." />

					<field
						name="flexsliderBgColor"
						class="color {required:false}"
						type="text"
						default="#ffffff"
						label="Slideshow Background Color"
						description="Choose the speed of the animations, in milliseconds. Insert only the value, for example: 5000, not 5000ms. A blank field reverts the setting to the default value." />

				<field type="note" label="Slides Navigation" class="favtitle" />

					<field
						name="directionNav"
						type="radio"
						default="1"
						class="btn-group"
						label="Arrow Navigation"
						description="Choose to navigate between the slides using the previous/next arrows.">
							<option	value="1">Yes</option>
							<option	value="0">No</option>
					</field>

					<field
						name="controlNav"
						type="radio"
						default="1"
						class="btn-group"
						label="Control Navigation"
						description="Choose to navigate between the slides using the control buttons.">
							<option	value="1">Yes</option>
							<option	value="0">No</option>
					</field>

					<field
						name="slideshow"
						type="radio"
						default="1"
						class="btn-group"
						label="Autorun"
						description="Choose to animate the slider automatically. This setting will only work for a non-video slideshow.">
							<option	value="1">Yes</option>
							<option	value="0">No</option>
					</field>

					<field
						name="randomize"
						type="radio"
						default="0"
						class="btn-group"
						label="Randomize"
						description="Choose to randomize the order of the slides.">
							<option	value="1">Yes</option>
							<option	value="0">No</option>
					</field>

					<field
						name="animationLoop"
						type="radio"
						default="1"
						class="btn-group"
						label="Animation Loop"
						description="Choose to loop the slides. When this feature is set to NO, the previous/next navigation is disabled at either end of the slides.">
							<option	value="1">Yes</option>
							<option	value="0">No</option>
					</field>

					<field
						name="pauseOnAction"
						type="radio"
						default="1"
						class="btn-group"
						label="Pause On Action"
						description="Choose to pause the slideshow when interacting with the control elements.">
							<option	value="1">Yes</option>
							<option	value="0">No</option>
					</field>

					<field
						name="pauseOnHover"
						type="radio"
						default="1"
						class="btn-group"
						label="Pause On Hover"
						description="Choose to pause the slideshow when hovering over the slides, then to resume the slideshow when no longer hovering over the slides. This setting will only work for a non-video slideshow.">
							<option	value="1">Yes</option>
							<option	value="0">No</option>
					</field>

					<field
						name="keyboardNav"
						type="radio"
						default="1"
						class="btn-group"
						label="Keyboard Navigation"
						description="Choose to navigate between the slides using the keyboard left/right keys.">
							<option	value="1">Yes</option>
							<option	value="0">No</option>
					</field>

					<field
						name="mousewheel"
						type="radio"
						default="0"
						class="btn-group"
						label="Mouse Navigation"
						description="Choose to navigate between the slides using the mouse wheel.">
							<option	value="1">Yes</option>
							<option	value="0">No</option>
					</field>

			</fieldset>

      <fieldset name="content" label="Module Content">

      	<field type="note" label="Slide 1" class="favtitle first" />

					<field
						name="file1active"
						type="radio"
						default="1"
						class="btn-group"
						label="Slide 1 Show"
						description="Choose if the slide should be displayed or not.">
							<option	value="1">Yes</option>
							<option	value="0">No</option>
					</field>

					<field
						name="file1"
						type="text"
						default="media/simple-responsive-slideshow/demo/slide1.jpg"
						label="Slide 1 Location"
						description="Insert the full path of the image file, without the leading slash element (for example: images/myfile.jpg)." />

					<field
						name="file1link"
						type="text"
						label="Slide 1 Link"
						description="Insert the Insert the Insert the URL for this slide (only applicable for images). A blank field reverts the setting to the default value. (only applicable for images). A blank field reverts the setting to the default value. (only applicable for images). A blank field reverts the setting to the default value." />

					<field
						name="file1caption"
						type="text"
						label="Slide 1 Caption"
						description="Insert the text for the slide caption. A blank field reverts the setting to the default value." />

					<field
						name="file1alt"
						type="text"
						label="Slide 1 Image Alt"
						description="Insert the text for the image Alt for this slide. A blank field reverts the setting to the default value." />

				<field type="note" label="Slide 2" class="favtitle" />

					<field
						name="file2active"
						type="radio"
						default="1"
						class="btn-group"
						label="Slide 2 Show"
						description="Choose if the slide should be displayed or not.">
							<option	value="1">Yes</option>
							<option	value="0">No</option>
					</field>

					<field
						name="file2"
						type="text"
						default="media/simple-responsive-slideshow/demo/slide2.jpg"
						label="Slide 2 Location"
						description="Insert the full path of the image file, without the leading slash element (for example: images/myfile.jpg)." />

					<field
						name="file2link"
						type="text"
						label="Slide 2 Link"
						description="Insert the Insert the URL for this slide (only applicable for images). A blank field reverts the setting to the default value. (only applicable for images). A blank field reverts the setting to the default value." />

					<field
						name="file2caption"
						type="text"
						label="Slide 2 Caption"
						description="Insert the text for the slide caption. A blank field reverts the setting to the default value." />

					<field
						name="file2alt"
						type="text"
						label="Slide 2 Image Alt"
						description="Insert the text for the image Alt for this slide. A blank field reverts the setting to the default value." />

				<field type="note" label="Slide 3" class="favtitle" />

					<field
						name="file3active"
						type="radio"
						default="1"
						class="btn-group"
						label="Slide 3 Show"
						description="Choose if the slide should be displayed or not.">
							<option	value="1">Yes</option>
							<option	value="0">No</option>
					</field>

					<field
						name="file3"
						type="text"
						default="media/simple-responsive-slideshow/demo/slide3.jpg"
						label="Slide 3 Location"
						description="Insert the full path of the image file, without the leading slash element (for example: images/myfile.jpg)." />

					<field
						name="file3link"
						type="text"
						label="Slide 3 Link"
						description="Insert the Insert the URL for this slide (only applicable for images). A blank field reverts the setting to the default value. (only applicable for images). A blank field reverts the setting to the default value." />

					<field
						name="file3caption"
						type="text"
						label="Slide 3 Caption"
						description="Insert the text for the slide caption. A blank field reverts the setting to the default value." />

					<field
						name="file3alt"
						type="text"
						label="Slide 3 Image Alt"
						description="Insert the text for the image Alt for this slide. A blank field reverts the setting to the default value." />

				<field type="note" label="Slide 4" class="favtitle" />

					<field
						name="file4active"
						type="radio"
						default="1"
						class="btn-group"
						label="Slide 4 Show"
						description="Choose if the slide should be displayed or not.">
							<option	value="1">Yes</option>
							<option	value="0">No</option>
					</field>

					<field
						name="file4"
						type="text"
						default="media/simple-responsive-slideshow/demo/slide4.jpg"
						label="Slide 4 Location"
						description="Insert the full path of the image file, without the leading slash element (for example: images/myfile.jpg)." />

					<field
						name="file4link"
						type="text"
						label="Slide 4 Link"
						description="Insert the Insert the URL for this slide (only applicable for images). A blank field reverts the setting to the default value. (only applicable for images). A blank field reverts the setting to the default value." />

					<field
						name="file4caption"
						type="text"
						label="Slide 4 Caption"
						description="Insert the text for the slide caption. A blank field reverts the setting to the default value." />

					<field
						name="file4alt"
						type="text"
						label="Slide 4 Image Alt"
						description="Insert the text for the image Alt for this slide. A blank field reverts the setting to the default value." />

				<field type="note" label="Slide 5" class="favtitle" />

					<field
						name="file5active"
						type="radio"
						default="1"
						class="btn-group"
						label="Slide 5 Show"
						description="Choose if the slide should be displayed or not.">
							<option	value="1">Yes</option>
							<option	value="0">No</option>
					</field>

					<field
						name="file5"
						type="text"
						default="media/simple-responsive-slideshow/demo/slide5.jpg"
						label="Slide 5 Location"
						description="Insert the full path of the image file, without the leading slash element (for example: images/myfile.jpg)." />

					<field
						name="file5link"
						type="text"
						label="Slide 5 Link"
						description="Insert the Insert the URL for this slide (only applicable for images). A blank field reverts the setting to the default value. (only applicable for images). A blank field reverts the setting to the default value." />

					<field
						name="file5caption"
						type="text"
						label="Slide 5 Caption"
						description="Insert the text for the slide caption. A blank field reverts the setting to the default value." />

					<field
						name="file5alt"
						type="text"
						label="Slide 5 Image Alt"
						description="Insert the text for the image Alt for this slide. A blank field reverts the setting to the default value." />

				<field type="note" label="Slide 6" class="favtitle" />

					<field
						name="file6active"
						type="radio"
						default="0"
						class="btn-group"
						label="Slide 6 Show"
						description="Choose if the slide should be displayed or not.">
							<option	value="1">Yes</option>
							<option	value="0">No</option>
					</field>

					<field
						name="file6"
						type="text"
						label="Slide 6 Location"
						description="Insert the full path of the image file, without the leading slash element (for example: images/myfile.jpg)." />

					<field
						name="file6link"
						type="text"
						label="Slide 6 Link"
						description="Insert the Insert the URL for this slide (only applicable for images). A blank field reverts the setting to the default value. (only applicable for images). A blank field reverts the setting to the default value." />

					<field
						name="file6caption"
						type="text"
						label="Slide 6 Caption"
						description="Insert the text for the slide caption. A blank field reverts the setting to the default value." />

					<field
						name="file6alt"
						type="text"
						label="Slide 6 Image Alt"
						description="Insert the text for the image Alt for this slide. A blank field reverts the setting to the default value." />

				<field type="note" label="Slide 7" class="favtitle" />

					<field
						name="file7active"
						type="radio"
						default="0"
						class="btn-group"
						label="Slide 7 Show"
						description="Choose if the slide should be displayed or not.">
							<option	value="1">Yes</option>
							<option	value="0">No</option>
					</field>

					<field
						name="file7"
						type="text"
						label="Slide 7 Location"
						description="Insert the full path of the image file, without the leading slash element (for example: images/myfile.jpg)." />

					<field
						name="file7link"
						type="text"
						label="Slide 7 Link"
						description="Insert the Insert the URL for this slide (only applicable for images). A blank field reverts the setting to the default value. (only applicable for images). A blank field reverts the setting to the default value." />

					<field
						name="file7caption"
						type="text"
						label="Slide 7 Caption"
						description="Insert the text for the slide caption. A blank field reverts the setting to the default value." />

					<field
						name="file7alt"
						type="text"
						label="Slide 7 Image Alt"
						description="Insert the text for the image Alt for this slide. A blank field reverts the setting to the default value." />

				<field type="note" label="Slide 8" class="favtitle" />

					<field
						name="file8active"
						type="radio"
						default="0"
						class="btn-group"
						label="Slide 8 Show"
						description="Choose if the slide should be displayed or not.">
							<option	value="1">Yes</option>
							<option	value="0">No</option>
					</field>

					<field
						name="file8"
						type="text"
						label="Slide 8 Location"
						description="Insert the full path of the image file, without the leading slash element (for example: images/myfile.jpg)." />

					<field
						name="file8link"
						type="text"
						label="Slide 8 Link"
						description="Insert the Insert the URL for this slide (only applicable for images). A blank field reverts the setting to the default value. (only applicable for images). A blank field reverts the setting to the default value." />

					<field
						name="file8caption"
						type="text"
						label="Slide 8 Caption"
						description="Insert the text for the slide caption. A blank field reverts the setting to the default value." />

					<field
						name="file8alt"
						type="text"
						label="Slide 8 Image Alt"
						description="Insert the text for the image Alt for this slide. A blank field reverts the setting to the default value." />

				<field type="note" label="Slide 9" class="favtitle" />

					<field
						name="file9active"
						type="radio"
						default="0"
						class="btn-group"
						label="Slide 9 Show"
						description="Choose if the slide should be displayed or not.">
							<option	value="1">Yes</option>
							<option	value="0">No</option>
					</field>

					<field
						name="file9"
						type="text"
						label="Slide 9 Location"
						description="Insert the full path of the image file, without the leading slash element (for example: images/myfile.jpg)." />

					<field
						name="file9link"
						type="text"
						label="Slide 9 Link"
						description="Insert the Insert the URL for this slide (only applicable for images). A blank field reverts the setting to the default value. (only applicable for images). A blank field reverts the setting to the default value." />

					<field
						name="file9caption"
						type="text"
						label="Slide 9 Caption"
						description="Insert the text for the slide caption. A blank field reverts the setting to the default value." />

					<field
						name="file9alt"
						type="text"
						label="Slide 9 Image Alt"
						description="Insert the text for the image Alt for this slide. A blank field reverts the setting to the default value." />

				<field type="note" label="Slide 10" class="favtitle" />

					<field
						name="file10active"
						type="radio"
						default="0"
						class="btn-group"
						label="Slide 10 Show"
						description="Choose if the slide should be displayed or not.">
							<option	value="1">Yes</option>
							<option	value="0">No</option>
					</field>

					<field
						name="file10"
						type="text"
						label="Slide 10 Location"
						description="Insert the full path of the image file, without the leading slash element (for example: images/myfile.jpg)." />

					<field
						name="file10link"
						type="text"
						label="Slide 10 Link"
						description="Insert the Insert the URL for this slide (only applicable for images). A blank field reverts the setting to the default value. (only applicable for images). A blank field reverts the setting to the default value." />

					<field
						name="file10caption"
						type="text"
						label="Slide 10 Caption"
						description="Insert the text for the slide caption. A blank field reverts the setting to the default value." />

					<field
						name="file10alt"
						type="text"
						label="Slide 10 Image Alt"
						description="Insert the text for the image Alt for this slide. A blank field reverts the setting to the default value." />

					<field type="spacer" hr="true" />

			</fieldset>

			<fieldset name="advanced">

				<field
					name="moduleclass_sfx"
					type="text"
					label="COM_MODULES_FIELD_MODULECLASS_SFX_LABEL"
					description="COM_MODULES_FIELD_MODULECLASS_SFX_DESC" />

				<field
					name="cache"
					type="list"
					default="1"
					label="COM_MODULES_FIELD_CACHING_LABEL"
					description="COM_MODULES_FIELD_CACHING_DESC">
					<option
						value="1">JGLOBAL_USE_GLOBAL</option>
					<option
						value="0">COM_MODULES_FIELD_VALUE_NOCACHING</option>
				</field>

				<field
					name="cache_time"
					type="text"
					default="900"
					label="COM_MODULES_FIELD_CACHE_TIME_LABEL"
					description="COM_MODULES_FIELD_CACHE_TIME_DESC" />
				<field
					name="cachemode"
					type="hidden"
					default="static">
					<option
						value="static"></option>
				</field>

			</fieldset>
		</fields>
	</config>

	<updateservers>
	  <server type="extension" priority="2" name="Simple Responsive Slideshow Updates">http://updates.favthemes.com/extensions/simple_responsive_slideshow.xml</server>
	</updateservers>

</extension>
